<?xml version='1.0' encoding='UTF-8'?>
<system creation-date="2023-04-09 13:40:16.106000" desc="" enable="False" id="D7767F84-BEE6-43FA-BE63-238FC1EF572C" last-modified-date="" name="Controller1"><applications><application name="RobotWare" version="6.15.2027"><settings><system-xml path="E:\RobotStudio\Projects\Material Handling_13\Virtual Controllers\Controller1\system.xml" /><key-id path="E:\RobotStudio\Projects\Material Handling_13\Virtual Controllers\Controller1\INTERNAL\key.id" /><setting-file path="E:\RobotStudio\Projects\Material Handling_13\Virtual Controllers\Controller1\INTERNAL\controller.rsf" /></settings></application></applications></system>